feudal_baron_brindlemen;Старейшина;x
feudal_baron_female_brindlemen;Старейшина;x
feudal_count_brindlemen;Вождь;x
feudal_count_female_brindlemen;Вождица;x
feudal_duke_brindlemen;Великий вождь;x
feudal_duke_female_brindlemen;Великая вождица;x
feudal_king_brindlemen;Воевода;x
feudal_king_female_brindlemen;Воевода;x
feudal_emperor_brindlemen;Король;x
feudal_emperor_female_brindlemen;Королева;x
barony_of_brindlemen;Племя;x
county_of_brindlemen;Вождество;x
duchy_of_brindlemen;Верховное вождество;x
kingdom_of_brindlemen;Орда;x
empire_of_brindlemen;Королевство;x
baron_brindlemen;Старейшина;x
baron_female_brindlemen;Старейшина;x
count_brindlemen;Вождь;x
count_female_brindlemen;Вождица;x
duke_brindlemen;Великий вождь;x
duke_female_brindlemen;Великая вождица;x
king_brindlemen;Воевода;x
king_female_brindlemen;Воевода;x
emperor_brindlemen;Король;x
emperor_female_brindlemen;Королева;x
brindle_horde;Пятнистая орда;x
brindle_horde_desc;Племена Соториоса всегда превыше всего ценили силу и дикую мощь, а сама мысль об организованных армиях чужда им так же, как они сами – всему остальному миру. Истинную орду Пятнистых людей ведёт за собой величайший из воинов, чьё имя способно заставить врагов бросать оружие в страхе.;x
brindle_horde_1;Пятнистая орда;x
brindle_horde_1_desc;§GУровень 1§!, §Y100§! престижа\nПлемена Соториоса всегда превыше всего ценили силу и дикую мощь, а сама мысль об организованных армиях чужда им так же, как они сами – всему остальному миру. Истинную орду Пятнистых людей ведёт за собой величайший из воинов, чьё имя способно заставить врагов бросать оружие в страхе.;x
brindle_horde_2;Пятнистая орда;x
brindle_horde_2_desc;§GУровень 2§!, §Y200§! престижа\nПлемена Соториоса всегда превыше всего ценили силу и дикую мощь, а сама мысль об организованных армиях чужда им так же, как они сами – всему остальному миру. Истинную орду Пятнистых людей ведёт за собой величайший из воинов, чьё имя способно заставить врагов бросать оружие в страхе.;x
brindle_horde_3;Пятнистая орда;x
brindle_horde_3_desc;§GУровень 3§!, §Y300§! престижа\nПлемена Соториоса всегда превыше всего ценили силу и дикую мощь, а сама мысль об организованных армиях чужда им так же, как они сами – всему остальному миру. Истинную орду Пятнистых людей ведёт за собой величайший из воинов, чьё имя способно заставить врагов бросать оружие в страхе.;x
brindle_horde_4;Пятнистая орда;x
brindle_horde_4_desc;§GУровень 4§!, §Y400§! престижа\nПлемена Соториоса всегда превыше всего ценили силу и дикую мощь, а сама мысль об организованных армиях чужда им так же, как они сами – всему остальному миру. Истинную орду Пятнистых людей ведёт за собой величайший из воинов, чьё имя способно заставить врагов бросать оружие в страхе.;x
brindle_horde_5;Пятнистая орда;x
brindle_horde_5_desc;§GУровень 5§!, §Y500§! престижа\nПлемена Соториоса всегда превыше всего ценили силу и дикую мощь, а сама мысль об организованных армиях чужда им так же, как они сами – всему остальному миру. Истинную орду Пятнистых людей ведёт за собой величайший из воинов, чьё имя способно заставить врагов бросать оружие в страхе.;x
brindle_horde_6;Пятнистая орда;x
brindle_horde_6_desc;§GУровень 6§!, §Y600§! престижа\nПлемена Соториоса всегда превыше всего ценили силу и дикую мощь, а сама мысль об организованных армиях чужда им так же, как они сами – всему остальному миру. Истинную орду Пятнистых людей ведёт за собой величайший из воинов, чьё имя способно заставить врагов бросать оружие в страхе.;x
brindle_horde_7;Пятнистая орда;x
brindle_horde_7_desc;§GУровень 7§!, §Y700§! престижа\nПлемена Соториоса всегда превыше всего ценили силу и дикую мощь, а сама мысль об организованных армиях чужда им так же, как они сами – всему остальному миру. Истинную орду Пятнистых людей ведёт за собой величайший из воинов, чьё имя способно заставить врагов бросать оружие в страхе.;x
brindle_horde_8;Пятнистая орда;x
brindle_horde_8_desc;§GУровень 8§!, §Y800§! престижа\nПлемена Соториоса всегда превыше всего ценили силу и дикую мощь, а сама мысль об организованных армиях чужда им так же, как они сами – всему остальному миру. Истинную орду Пятнистых людей ведёт за собой величайший из воинов, чьё имя способно заставить врагов бросать оружие в страхе.;x
brindle_horde_9;Пятнистая орда;x
brindle_horde_9_desc;§GУровень 9§!, §Y900§! престижа\nПлемена Соториоса всегда превыше всего ценили силу и дикую мощь, а сама мысль об организованных армиях чужда им так же, как они сами – всему остальному миру. Истинную орду Пятнистых людей ведёт за собой величайший из воинов, чьё имя способно заставить врагов бросать оружие в страхе.;x
brindle_horde_10;Пятнистая орда;x
brindle_horde_10_desc;§GУровень 10§!, §Y1000§! престижа\nПлемена Соториоса всегда превыше всего ценили силу и дикую мощь, а сама мысль об организованных армиях чужда им так же, как они сами – всему остальному миру. Истинную орду Пятнистых людей ведёт за собой величайший из воинов, чьё имя способно заставить врагов бросать оружие в страхе.;x
brindle_horde_11;Пятнистая орда;x
brindle_horde_11_desc;§GУровень 11§!, §Y1100§! престижа\nПлемена Соториоса всегда превыше всего ценили силу и дикую мощь, а сама мысль об организованных армиях чужда им так же, как они сами – всему остальному миру. Истинную орду Пятнистых людей ведёт за собой величайший из воинов, чьё имя способно заставить врагов бросать оружие в страхе.;x
brindle_horde_12;Пятнистая орда;x
brindle_horde_12_desc;§GУровень 12§!, §Y1200§! престижа\nПлемена Соториоса всегда превыше всего ценили силу и дикую мощь, а сама мысль об организованных армиях чужда им так же, как они сами – всему остальному миру. Истинную орду Пятнистых людей ведёт за собой величайший из воинов, чьё имя способно заставить врагов бросать оружие в страхе.;x
brindle_horde_13;Пятнистая орда;x
brindle_horde_13_desc;§GУровень 13§!, §Y1300§! престижа\nПлемена Соториоса всегда превыше всего ценили силу и дикую мощь, а сама мысль об организованных армиях чужда им так же, как они сами – всему остальному миру. Истинную орду Пятнистых людей ведёт за собой величайший из воинов, чьё имя способно заставить врагов бросать оружие в страхе.;x
brindle_horde_14;Пятнистая орда;x
brindle_horde_14_desc;§GУровень 14§!, §Y1400§! престижа\nПлемена Соториоса всегда превыше всего ценили силу и дикую мощь, а сама мысль об организованных армиях чужда им так же, как они сами – всему остальному миру. Истинную орду Пятнистых людей ведёт за собой величайший из воинов, чьё имя способно заставить врагов бросать оружие в страхе.;x
brindle_horde_15;Пятнистая орда;x
brindle_horde_15_desc;§GУровень 15§!, §Y1500§! престижа\nПлемена Соториоса всегда превыше всего ценили силу и дикую мощь, а сама мысль об организованных армиях чужда им так же, как они сами – всему остальному миру. Истинную орду Пятнистых людей ведёт за собой величайший из воинов, чьё имя способно заставить врагов бросать оружие в страхе.;x
brindle_horde_16;Пятнистая орда;x
brindle_horde_16_desc;§GУровень 16§!, §Y1600§! престижа\nПлемена Соториоса всегда превыше всего ценили силу и дикую мощь, а сама мысль об организованных армиях чужда им так же, как они сами – всему остальному миру. Истинную орду Пятнистых людей ведёт за собой величайший из воинов, чьё имя способно заставить врагов бросать оружие в страхе.;x
brindle_horde_17;Пятнистая орда;x
brindle_horde_17_desc;§GУровень 17§!, §Y1700§! престижа\nПлемена Соториоса всегда превыше всего ценили силу и дикую мощь, а сама мысль об организованных армиях чужда им так же, как они сами – всему остальному миру. Истинную орду Пятнистых людей ведёт за собой величайший из воинов, чьё имя способно заставить врагов бросать оружие в страхе.;x
brindle_horde_18;Пятнистая орда;x
brindle_horde_18_desc;§GУровень 18§!, §Y1800§! престижа\nПлемена Соториоса всегда превыше всего ценили силу и дикую мощь, а сама мысль об организованных армиях чужда им так же, как они сами – всему остальному миру. Истинную орду Пятнистых людей ведёт за собой величайший из воинов, чьё имя способно заставить врагов бросать оружие в страхе.;x
brindle_horde_19;Пятнистая орда;x
brindle_horde_19_desc;§GУровень 19§!, §Y1900§! престижа\nПлемена Соториоса всегда превыше всего ценили силу и дикую мощь, а сама мысль об организованных армиях чужда им так же, как они сами – всему остальному миру. Истинную орду Пятнистых людей ведёт за собой величайший из воинов, чьё имя способно заставить врагов бросать оружие в страхе.;x
brindle_horde_20;Пятнистая орда;x
brindle_horde_20_desc;§GУровень 20§!, §Y2000+§! престижа\nПлемена Соториоса всегда превыше всего ценили силу и дикую мощь, а сама мысль об организованных армиях чужда им так же, как они сами – всему остальному миру. Истинную орду Пятнистых людей ведёт за собой величайший из воинов, чьё имя способно заставить врагов бросать оружие в страхе.;x
EVTDESCBRINDLE1;Ты живёшь в джунглях великого Соториоса. Твой народ владычествует на этой земле испокон веков, и сколько бы слабых чужаков ни являлось из-за бескрайнего моря, твой народ всегда будет править здесь.;x
EVTOPTABRINDLE1;Да поглотят тёмные боги этот мир!;x
brindle_desc;Этот персонаж – один из неуловимых Пятнистых людей Соториоса, таинственного и малоизвестного народа. Обитающие в пышных, но смертоносных джунглях Соториоса, Пятнистые люди слывут крупными, медлительными дикарями, способными превзойти силой даже самого крепкого вестеросца, однако их редко можно увидеть за пределами родных густых чащ.;x
brindle;Пятнистый человек;x