book_against_the_unnatural;Возражения на Неестественное;x
book_against_the_unnatural_desc;«Возражения на Неестественное» — книга, написанная мейстером Ванионом. Она содержит определенные доказательства того, что драконы существовали в Вестеросе даже в самые древние дни, до возвышения Валирии.;x
book_bastard_born;Рожденный бастардом;x
book_bastard_born_desc;«Рожденный бастардом» — описание жизни лорда Алина Велариона, написанное Рутой, которая, возможно, была септой, а возможно, и одной из любовниц Дубового Кулака.;x
book_black_wings;Чёрные крылья, скорые вести;x
book_black_wings_desc;«Чёрные крылья, скорые вести» — книга, написанная архимейстером Валгрейвом. В книге есть отрывок, где Валгрейв подробно описывает глупость Бейлора Благословенного, пытавшегося заменить почтовых воронов голубями.;x
book_caution_for_girls;Предупреждение юным девицам;x
book_caution_for_girls_desc;«Предупреждение юным девицам» печально известна как одно из самых развратных произведений плотского сладострастия, ходящих по Семи Королевствам, самого низкого пошиба. Предположительно, это мемуары леди Корианны Уайлд, описывающие жизнь «греха, страданий и рабства» — по словам архимейстера Гильдейна — в которой она оказывается служанкой королевы, любовницей молодого рыцаря, лагерной потаскушкой на Спорных Землях, трактирной прислужницей в Мире, лицедейкой в Тироше, «игрушкой» королевы пиратов на Василисковых островах, рабыней в Волантисе, служанкой квартийского колдуна, хозяйкой веселого дома в Лисе и, в конечном счете, септой в Звездном Септе Староместа, где она излагает историю своей жизни в назидание юным девам.;x
book_chronicles_of_maidenpool;Хроники Девичьего Пруда;x
book_chronicles_of_maidenpool_desc;«Хроники Девичьего Пруда» — история Девовчьего Пруда в речных землях.;x
book_conjectures;Догадки;x
book_conjectures_desc;«Догадки» написаны архимейстером Тимоти. В этом труде архимейстер Тимоти предполагает, что во время Первой Дорнийской войны короля Эйгона I Таргариена (4-13 гг. от З.Э.) Таргариены надеялись настроить Дорн против дома Мартеллов, уничтожив каждый замок, крепость и укрепленный двор в Дорне, за исключением цитадели Мартеллов, Солнечного Копья.;x
book_end_of_the_tall_men;Конец Высоких Людей;x
book_end_of_the_tall_men_desc;«Конец Высоких Людей» — более подробное описание падения Сарнорского царства, написанное Белло.;x
book_etched_in_stone;Запечатлённое в камне;x
book_etched_in_stone_desc;«Запечатлённое в камне» — книга архимейстера Хармуна, содержащая каталог резных изображений топоров, найденных по всей Долине Аррен.;x
book_fire_and_blood;Пламя и Кровь, История Таргариенов, Королей Вестероса;x
book_fire_and_blood_desc;«Пламя и Кровь, История Таргариенов, Королей Вестероса» — незавершенная история дома Таргариенов, написанная архимейстером Гильдейном.;x
book_hard_as_oak;Крепкий как Дуб;x
book_hard_as_oak_desc;«Крепкий как Дуб» — описание жизни лорда Алина Велариона, написанное сиром Расселом Стиллменом, который в юности был оруженосцем лорда Алина.;x
book_horse_tribes;Коневодческие племена, изучение кочевников восточных равнин Эссоса;x
book_horse_tribes_desc;«Коневодческие племена, изучение кочевников восточных равнин Эссоса» — книга, написанная мейстером Иллистером, хроника последовательных событий падения Сарнорского царства от рук дотракийцев.;x
book_iron_chronicle;Железная хроника;x
book_iron_chronicle_desc;«Железная хроника» — труд, который включает описание контроля железнорожденных над речными землями до Завоевания.;x
book_journals;Записки;x
book_journals_desc;Записки — записки Ниссеоса Квохероса. Они содержат отчет о волантиском триархе Хоронно, который во время Века Крови, после своего сорокового избрания триархом, провозгласил себя триархом пожизненно.;x
book_kingdoms_of_the_sky;Царства небесные;x
book_kingdoms_of_the_sky_desc;«Царства небесные» — книга, написанная архимейстером Лиманом.;x
book_lies_of_the_ancients;Заблуждения древних;x
book_lies_of_the_ancients_desc;«Заблуждения древних» — работа архимейстера Фомаса.;x
book_life_of_the_aethelmure;Жизнь великого мейстера Эйтельмура;x
book_life_of_the_aethelmure_desc;«Жизнь великого мейстера Эйтельмура» — биография о жизни Великого Мейстера Эйтельмура, давно умершего Великого Мейстера Цитадели.;x
book_loves_of_nymeria;Возлюбленные королевы Нимерии;x
book_loves_of_nymeria_desc;«Возлюбленные королевы Нимерии» — книга о Нимерии, королеве-воительнице и принцессе Дорна.;x
book_of_law;Книга Закона;x
book_of_law_desc;«Книга Закона» — многотомное собрание книг, в которых подробно излагаются законы Семи Королевств.;x
book_of_holy_prayer;Книга Святых Молитв;x
book_of_holy_prayer_desc;«Книга Святых Молитв» — текст Веры в Семерых, наряду с «Семиконечной Звездой».;x
book_questions;Вопросы;x
book_questions_desc;«Вопросы» — книга, написанная мейстером Денстаном.;x
book_red_sands;Красные пески;x
book_red_sands_desc;«Красные пески» — текст мейстера Гарета, в котором он приводит несколько дорнийских писем.;x
book_reign_of_viserys;Правление короля Визериса, первого сего имени, и Танец Драконов, что за ним воспоследовал;x
book_reign_of_viserys_desc;«Правление короля Визериса, первого сего имени, и Танец Драконов, что за ним воспоследовал» — историческая книга, написанная септоном Юстасом, касающаяся правления короля Визериса I Таргариена.;x
book_ruined_cities;Поверженные царства, похищенные боги;x
book_ruined_cities_desc;«Поверженные царства, похищенные боги» — книга, написанная Ваггоро, о завоевании Сарнорского царства.;x
book_sea_demons;Морские демоны: история детей Утонувшего бога с островов;x
book_sea_demons_desc;Эта книга описывает историю железнорожденных, включая детали войны между железнорожденными и западными землями, охватывая период с окончания Танца Драконов до начала регентства короля Эйгона III Таргариена.;x
book_six_times_to_sea;ШШесть выходов в море: повествование о великих путешествиях Алина Дубового Кулака;x
book_six_times_to_sea_desc;«Шесть выходов в море: повествование о великих путешествиях Алина Дубового Кулака» — описание жизни лорда Алина Велариона, написанное мейстером Бендамуром.;x
book_sons_of_the_dragon;Сыны Дракона;x
book_sons_of_the_dragon_desc;«Сыны Дракона» — история Эйниса I Таргариена и Мейгора I Таргариена.;x
book_truth;Истина;x
book_truth_desc;«Истина» была написана мейстером Энсоном.;x
book_when_women_ruled;Когда миром правили женщины: леди послевоенных времён;x
book_when_women_ruled_desc;«Когда миром правили женщины: леди послевоенных времён» — работа, написанная архимейстером Абелоном, посвященная женщинам, которые правили в последствиях Танца Драконов.;x
book_wonders;Чудеса;x
book_wonders_desc;«Чудеса» — одна из двух знаменитых книг, написанных Ломасом Путешественником, в которой записаны семь природных чудес известного мира.;x